,PM2.5,Internet_users,Broadcast,Mobile_subscriptions,Share
0,95.75817945,92323552,1.165457452,60.94154381,10.07
1,97.59937863,125596668,1.215652255,71.49252962,12.58006091
2,88.1694406,158894454,1.293189247,68.31524817,15.1
3,91.80479161,193062893,1.408310236,69.19699374,21.0
4,89.62238269,271710452,1.333856253,72.86262075,17.0
5,89.3033343,340354035,1.343296766,76.40759943,22.0
6,89.67217693,391255067,1.401954779,85.14868348,32.0
